category	gene_name	zf gene ID	
abc_transporters	abcb10	ENSDARG00000061591	0.26328734105473	0.351608495045325
abc_transporters	abcb11a	ENSDARG00000011573	0.0908014713767181	0.840973534273654
abc_transporters	abcb11b	ENSDARG00000070078	
abc_transporters	abcb4	ENSDARG00000010936	0.103255760419578	0.796350005189062
abc_transporters	abcb5	ENSDARG00000021787	-0.125588064039902	0.49700179412091
abc_transporters	abcb6a	ENSDARG00000063297	
abc_transporters	abcb6b	ENSDARG00000074254	
abc_transporters	abcb7	ENSDARG00000062795	-0.0236545922836957	0.873640029552964
abc_transporters	abcb8	ENSDARG00000056672	-0.28753776230897	0.225056934574442
abc_transporters	abcb9	ENSDARG00000056200	
abc_transporters	abcb9	ENSDARG00000109326	
abc_transporters	abcc10	ENSDARG00000077988	-0.137613846035669	0.480692569427543
abc_transporters	abcc10	ENSDARG00000111885	-0.137613846035669	0.480692569427543
abc_transporters	abcc10	ENSDARG00000113210	-0.137613846035669	0.480692569427543
abc_transporters	abcc12	ENSDARG00000013050	0.00143985154236547	0.997524667998389
abc_transporters	abcc13	ENSDARG00000062519	0.0160030296681825	0.964952115091015
abc_transporters	abcc1	ENSDARG00000104719	-0.10955742600102	0.537693541549067
abc_transporters	abcc2	ENSDARG00000014031	
abc_transporters	abcc2	ENSDARG00000116140	
abc_transporters	abcc3	ENSDARG00000096662	
abc_transporters	abcc4	ENSDARG00000058953	0.291431093714236	0.350892086715041
abc_transporters	abcc4	ENSDARG00000115375	0.291431093714236	0.350892086715041
abc_transporters	abcc5	ENSDARG00000061233	0.153855980640548	0.777510299435211
abc_transporters	abcc6a	ENSDARG00000016750	
abc_transporters	abcc6b.1	ENSDARG00000105403	
abc_transporters	abcc6b.2	ENSDARG00000094901	
abc_transporters	abcc8b	ENSDARG00000077007	
abc_transporters	abcc8	ENSDARG00000051879	0.113665753059814	0.834999453704791
abc_transporters	abcc8	ENSDARG00000114458	0.113665753059814	0.834999453704791
abc_transporters	abcc9	ENSDARG00000015985	
abc_transporters	abcg1	ENSDARG00000063475	-0.866816405409158	0.385255867013371
abc_transporters	abcg2a	ENSDARG00000100075	-0.288971017112116	0.659592499532234
abc_transporters	abcg2b	ENSDARG00000079361	
abc_transporters	abcg2b	ENSDARG00000110043	
abc_transporters	abcg2c	ENSDARG00000058574	-0.239118262226673	0.577042559029931
abc_transporters	abcg2d	ENSDARG00000016818	
abc_transporters	abcg4a	ENSDARG00000061047	
abc_transporters	abcg4b	ENSDARG00000078068	
abc_transporters	abcg5	ENSDARG00000063078	
abc_transporters	abcg5	ENSDARG00000115809	
abc_transporters	abcg8	ENSDARG00000063059	
abc_transporters	abcg8	ENSDARG00000116468	
antioxidants	cat	ENSDARG00000104702	-0.272887447579304	0.094448422883609
antioxidants	gclc	ENSDARG00000013095	0.263563987249271	0.0928757387557815
antioxidants	gclm	ENSDARG00000018953	0.0543843881556348	0.638775374108394
antioxidants	gsr	ENSDARG00000019236	-0.0783525627796064	0.724077289910402
antioxidants	gsr	ENSDARG00000114106	-0.0783525627796064	0.724077289910402
antioxidants	gss	ENSDARG00000037706	-0.19141093763631	0.381745747295102
antioxidants	gss	ENSDARG00000109538	-0.19141093763631	0.381745747295102
antioxidants	nme8	ENSDARG00000098944	
antioxidants	txn	ENSDARG00000031435	
antioxidants	txn	ENSDARG00000044125	
antioxidants	txn	ENSDARG00000116040	
antioxidants	gpx1a	ENSDARG00000018146	-0.898581832348651	0.0797532344751102
antioxidants	gpx1a	ENSDARG00000114736	-0.898581832348651	0.0797532344751102
antioxidants	gpx1b	ENSDARG00000006207	0.60145127355214	0.119216415159019
antioxidants	gpx3	ENSDARG00000043342	
antioxidants	gpx4a	ENSDARG00000068478	-0.50543455413473	0.353091184912566
antioxidants	gpx4b	ENSDARG00000076836	-0.790955991168157	0.00249445210335982
antioxidants	gpx7	ENSDARG00000091511	
antioxidants	gpx8	ENSDARG00000013302	-0.113064384383243	0.556030408752807
antioxidants	gpx9	ENSDARG00000003077	
antioxidants	prdx1	ENSDARG00000058734	0.441355699156859	0.398455380532408
antioxidants	prdx2	ENSDARG00000025350	-0.208955476864098	0.378117874922892
antioxidants	prdx3	ENSDARG00000032102	-0.166011549907644	0.524742094502028
antioxidants	prdx3	ENSDARG00000114240	-0.166011549907644	0.524742094502028
antioxidants	prdx4	ENSDARG00000069013	-0.354521598918626	0.53744385852493
antioxidants	prdx5	ENSDARG00000055064	0.14653147635054	0.81342535068545
antioxidants	prdx6	ENSDARG00000043511	-0.293668142009739	0.10072904778041
antioxidants	prdx6	ENSDARG00000116085	-0.293668142009739	0.10072904778041
antioxidants	sod1	ENSDARG00000043848	-0.233502891501279	0.168908774147898
antioxidants	sod2	ENSDARG00000042644	-0.314110684213377	0.130526740080425
antioxidants	sod3a	ENSDARG00000070168	
antioxidants	sod3b	ENSDARG00000079183	
antioxidants	txn2	ENSDARG00000034777	-0.344280581249509	0.49393178604375
antioxidants	txnl1	ENSDARG00000011921	0.120242761798221	0.407242081977139
antioxidants	txnl4a	ENSDARG00000036190	-0.128441300195142	0.428262170586097
antioxidants	txnl4b	ENSDARG00000058962	-0.229014847495497	0.399804687060837
heat_responsive	clpb	ENSDARG00000088463	0.139648164191591	0.745554329648748
heat_responsive	clpb	ENSDARG00000090232	0.139648164191591	0.745554329648748
heat_responsive	clpp	ENSDARG00000020679	-0.113425202454712	0.526147918363633
heat_responsive	serpinh1b	ENSDARG00000019949	
heat_responsive	cryaa	ENSDARG00000053502	
heat_responsive	cryaa	ENSDARG00000113469	
heat_responsive	cryaba	ENSDARG00000042621	
heat_responsive	cryabb	ENSDARG00000101380	
heat_responsive	cryabb	ENSDARG00000109545	
heat_responsive	dnaja1	ENSDARG00000030972	
heat_responsive	dnaja2a	ENSDARG00000104066	
heat_responsive	dnaja2b	ENSDARG00000010745	
heat_responsive	dnaja3a	ENSDARG00000058494	0.212727674333497	0.515269985866304
heat_responsive	dnaja3a	ENSDARG00000111151	0.212727674333497	0.515269985866304
heat_responsive	dnaja3b	ENSDARG00000102295	
heat_responsive	dnajb11	ENSDARG00000015088	-0.0140430332442296	0.905049092423878
heat_responsive	dnajb12a	ENSDARG00000039363	-0.0135044685902466	0.913656943719688
heat_responsive	dnajb12b	ENSDARG00000087473	-0.179126704816597	0.485995669111187
heat_responsive	dnajb13	ENSDARG00000043157	
heat_responsive	dnajb14	ENSDARG00000069996	
heat_responsive	dnajb1a	ENSDARG00000099383	-0.127338548309749	0.728185648877687
heat_responsive	dnajb1b	ENSDARG00000041394	0.173037085921918	0.330261220048099
heat_responsive	dnajb2	ENSDARG00000058644	0.255588567979319	0.481850005509494
heat_responsive	dnajb4	ENSDARG00000038978	
heat_responsive	dnajb5	ENSDARG00000052881	
heat_responsive	dnajb5	ENSDARG00000116664	
heat_responsive	dnajb6a	ENSDARG00000004680	0.0659538753973838	0.612301165257885
heat_responsive	dnajb6b	ENSDARG00000020953	-0.13686508430841	0.420024026537538
heat_responsive	dnajb6b	ENSDARG00000110048	-0.13686508430841	0.420024026537538
heat_responsive	dnajb9a	ENSDARG00000052072	
heat_responsive	dnajb9b	ENSDARG00000016886	
heat_responsive	dnajc10	ENSDARG00000074727	-0.0285147974819476	0.88366888039645
heat_responsive	dnajc11a	ENSDARG00000011196	
heat_responsive	dnajc11a	ENSDARG00000109540	
heat_responsive	dnajc11b	ENSDARG00000102696	
heat_responsive	dnajc12	ENSDARG00000086691	
heat_responsive	dnajc14	ENSDARG00000105398	0.185822953619936	0.566192109496971
heat_responsive	dnajc15	ENSDARG00000038309	-0.0674318223916276	0.798400848877364
heat_responsive	dnajc16	ENSDARG00000059699	
heat_responsive	dnajc16l	ENSDARG00000060725	
heat_responsive	dnajc17	ENSDARG00000104959	0.176275916870145	0.472736896868796
heat_responsive	dnajc18	ENSDARG00000056005	0.0178627210067366	0.912996262876067
heat_responsive	dnajc19	ENSDARG00000044420	0.201158111059873	0.808270564699534
heat_responsive	dnajc1	ENSDARG00000001940	0.0792912486395555	0.370253809169588
heat_responsive	dnajc21	ENSDARG00000105195	0.0120375819010164	0.926178149507108
heat_responsive	dnajc22	ENSDARG00000037067	
heat_responsive	dnajc24	ENSDARG00000023927	-0.134154325079558	0.636132906146293
heat_responsive	dnajc25	ENSDARG00000067613	0.058511974175578	0.729438108464913
heat_responsive	dnajc25	ENSDARG00000111375	0.058511974175578	0.729438108464913
heat_responsive	dnajc27	ENSDARG00000070916	0.514251256013613	0.223132142207064
heat_responsive	dnajc28	ENSDARG00000018181	-0.588016493354644	0.172061210921215
heat_responsive	dnajc28	ENSDARG00000114383	-0.588016493354644	0.172061210921215
heat_responsive	dnajc2	ENSDARG00000070477	0.0867955722296345	0.6362601556591
heat_responsive	dnajc30b	ENSDARG00000079415	
heat_responsive	dnajc3a	ENSDARG00000041110	
heat_responsive	dnajc3a	ENSDARG00000114114	
heat_responsive	dnajc3b	ENSDARG00000017874	
heat_responsive	dnajc4	ENSDARG00000024090	0.102859683868174	0.822060715105226
heat_responsive	dnajc4	ENSDARG00000114838	0.102859683868174	0.822060715105226
heat_responsive	dnajc5aa	ENSDARG00000042948	0.365852091404109	0.110827457454085
heat_responsive	dnajc5ab	ENSDARG00000004836	0.0574744236877291	0.717011455109396
heat_responsive	dnajc5b	ENSDARG00000058147	
heat_responsive	dnajc5ga	ENSDARG00000041896	0.0100567293397437	0.950702202916379
heat_responsive	dnajc5gb	ENSDARG00000017687	-0.958461280264239	0.112159553731393
heat_responsive	dnajc5gb	ENSDARG00000111738	-0.958461280264239	0.112159553731393
heat_responsive	dnajc6	ENSDARG00000079891	-0.107986785274234	0.731062740190486
heat_responsive	dnajc7	ENSDARG00000058148	-0.134229247702137	0.606046598262111
heat_responsive	dnajc8	ENSDARG00000059373	-0.0460572615765677	0.832537888209804
heat_responsive	dnajc9	ENSDARG00000031293	-0.503561598782944	0.145432797357853
heat_responsive	dnajc9	ENSDARG00000111989	-0.503561598782944	0.145432797357853
heat_responsive	hsf1	ENSDARG00000008818	0.254965910436621	0.184006861571839
heat_responsive	hsf2bp	ENSDARG00000035080	
heat_responsive	hsf2	ENSDARG00000053097	0.406030161540177	0.0847952410645872
heat_responsive	hsf4	ENSDARG00000013251	
heat_responsive	hsf5	ENSDARG00000104686	
heat_responsive	hsbp1a	ENSDARG00000069425	
heat_responsive	hsbp1b	ENSDARG00000041921	-0.0368814863426532	0.860511796696691
heat_responsive	hsbp1l1	ENSDARG00000075984	
heat_responsive	clpxa	ENSDARG00000029063	
heat_responsive	clpxb	ENSDARG00000067796	
heat_responsive	hsp70.1	ENSDARG00000029688	0.784836291594665	0.491648744455056
heat_responsive	hsp70.2	ENSDARG00000092362	
heat_responsive	hsp70.3	ENSDARG00000021924	0.931090219408281	0.143454171573819
heat_responsive	hsp70l	ENSDARG00000055723	
heat_responsive	hsp90aa1.1	ENSDARG00000010478	
heat_responsive	hsp90aa1.2	ENSDARG00000024746	0.123876454213615	0.796214854552907
heat_responsive	hsp90ab1	ENSDARG00000029150	-0.109500712825746	0.491514436228388
heat_responsive	hsp90b1	ENSDARG00000003570	-0.188008126388404	0.245512869743046
heat_responsive	hsp90b1	ENSDARG00000114206	-0.188008126388404	0.245512869743046
heat_responsive	hspa12a	ENSDARG00000070603	0.0177381711341597	0.971611102856424
heat_responsive	hspa12b	ENSDARG00000030307	
heat_responsive	hspa13	ENSDARG00000040984	0.0588984048583143	0.928175504132738
heat_responsive	hspa14	ENSDARG00000058030	0.0963522194928006	0.472379623204273
heat_responsive	hspa14	ENSDARG00000112257	0.0963522194928006	0.472379623204273
heat_responsive	hspa14	ENSDARG00000114313	0.0963522194928006	0.472379623204273
heat_responsive	hspa4a	ENSDARG00000004754	-0.289162614461884	0.0133767452958368
heat_responsive	hspa4b	ENSDARG00000018989	-0.0892290199949241	0.595800932100545
heat_responsive	hspa4b	ENSDARG00000112727	-0.0892290199949241	0.595800932100545
heat_responsive	hspa4b	ENSDARG00000116230	-0.0892290199949241	0.595800932100545
heat_responsive	hspa4l	ENSDARG00000053544	
heat_responsive	hspa5	ENSDARG00000103846	-0.764040728440678	1.57646444763828e-06
heat_responsive	hspa8	ENSDARG00000068992	0.0371278310961195	0.764726106598348
heat_responsive	hspa8	ENSDARG00000114726	0.0371278310961195	0.764726106598348
heat_responsive	hspa9	ENSDARG00000003035	0.186235232167299	0.0865234192434865
heat_responsive	hspa9	ENSDARG00000114629	0.186235232167299	0.0865234192434865
heat_responsive	hspb11	ENSDARG00000002204	-0.276690127236796	0.698838643809889
heat_responsive	hspb15	ENSDARG00000078411	
heat_responsive	hspb1	ENSDARG00000041065	2.48108313737154	0.0388788452942478
heat_responsive	hspb2	ENSDARG00000052450	
heat_responsive	hspb2	ENSDARG00000114010	
heat_responsive	hspb3	ENSDARG00000067714	
heat_responsive	hspb3	ENSDARG00000116486	
heat_responsive	hspb6	ENSDARG00000077236	
heat_responsive	hspb7	ENSDARG00000104441	
heat_responsive	hspb8	ENSDARG00000058365	
heat_responsive	hspb8	ENSDARG00000109236	
heat_responsive	hspb9	ENSDARG00000078674	
heat_responsive	hspbap1	ENSDARG00000033771	-0.398338718018257	0.272387310040843
heat_responsive	hspbp1	ENSDARG00000102937	-0.229613211413097	0.392480694055316
heat_responsive	hspd1	ENSDARG00000056160	-0.139862102282234	0.32983402108991
heat_responsive	hspe1	ENSDARG00000056167	-0.394019265905053	0.229038171935664
heat_responsive	hspg2	ENSDARG00000076564	0.596148163061313	0.077968868998557
heat_responsive	hsph1	ENSDARG00000019874	-0.49500048715472	0.540452048485896
hlhpas_transcription_factors	arnt	ENSDARG00000021855	-0.160479378270897	0.611652367887473
hlhpas_transcription_factors	arnt	ENSDARG00000115999	-0.160479378270897	0.611652367887473
hlhpas_transcription_factors	ahrra	ENSDARG00000099702	
hlhpas_transcription_factors	ahrrb	ENSDARG00000052618	-0.238239999064658	0.782494894681296
hlhpas_transcription_factors	ahrrb	ENSDARG00000111273	-0.238239999064658	0.782494894681296
hlhpas_transcription_factors	ahrrb	ENSDARG00000116560	-0.238239999064658	0.782494894681296
hlhpas_transcription_factors	clocka	ENSDARG00000011703	
hlhpas_transcription_factors	clockb	ENSDARG00000003631	
hlhpas_transcription_factors	hif1aa	ENSDARG00000006181	-0.853744058860193	0.235361837873542
hlhpas_transcription_factors	hif1ab	ENSDARG00000034293	0.0996234535994791	0.276229182137358
hlhpas_transcription_factors	hif1al2	ENSDARG00000044550	
hlhpas_transcription_factors	hif1al	ENSDARG00000100826	0.222603968020704	0.342043000799398
hlhpas_transcription_factors	hif1an	ENSDARG00000031915	0.125467572194738	0.273255213778034
hlhpas_transcription_factors	ahr1a	ENSDARG00000020046	
hlhpas_transcription_factors	ahr1b	ENSDARG00000023537	
hlhpas_transcription_factors	ahr2	ENSDARG00000021833	0.692033296874778	0.0376226488943947
hlhpas_transcription_factors	arnt2	ENSDARG00000103697	0.26322434628443	0.13258466203041
hlhpas_transcription_factors	arntl1a	ENSDARG00000006791	-0.11391578113843	0.356931437752377
hlhpas_transcription_factors	arntl1b	ENSDARG00000035732	0.625214715606321	0.129571532142267
hlhpas_transcription_factors	arntl1b	ENSDARG00000114562	0.625214715606321	0.129571532142267
hlhpas_transcription_factors	arntl2	ENSDARG00000041381	0.0283032972402368	0.823121235782118
hlhpas_transcription_factors	arntl2	ENSDARG00000109690	0.0283032972402368	0.823121235782118
hlhpas_transcription_factors	arntl2	ENSDARG00000116327	0.0283032972402368	0.823121235782118
hlhpas_transcription_factors	ncoa1	ENSDARG00000018257	0.0372440119089023	0.925998713888526
hlhpas_transcription_factors	ncoa2	ENSDARG00000017929	0.0911741697050523	0.397795812044096
hlhpas_transcription_factors	ncoa3	ENSDARG00000077404	0.284272743010396	0.0325041791899395
hlhpas_transcription_factors	ncoa4	ENSDARG00000021439	0.0380430186641747	0.74329158287777
hlhpas_transcription_factors	ncoa5	ENSDARG00000016345	0.138334658232642	0.412654077640019
hlhpas_transcription_factors	ncoa6	ENSDARG00000071272	0.135120723937862	0.246136266840624
hlhpas_transcription_factors	npas1	ENSDARG00000015876	
hlhpas_transcription_factors	npas2	ENSDARG00000016536	0.0938929825213506	0.911489140171136
hlhpas_transcription_factors	npas2	ENSDARG00000116993	0.0938929825213506	0.911489140171136
hlhpas_transcription_factors	npas3	ENSDARG00000109820	0.136608894513134	0.702879256726332
hlhpas_transcription_factors	npas4a	ENSDARG00000055752	
hlhpas_transcription_factors	npas4l	ENSDARG00000116511	
hlhpas_transcription_factors	per1a	ENSDARG00000056885	
hlhpas_transcription_factors	per1b	ENSDARG00000012499	0.468002294010213	0.0461116614738267
hlhpas_transcription_factors	per2	ENSDARG00000034503	0.0889895384274812	0.528123446705991
hlhpas_transcription_factors	per3	ENSDARG00000010519	0.438550098274115	0.133402142848096
hlhpas_transcription_factors	sim1a	ENSDARG00000023316	
hlhpas_transcription_factors	sim1b	ENSDARG00000013789	
ion_metal_transporters	slc22a13a	ENSDARG00000056551	
ion_metal_transporters	slc22a13b	ENSDARG00000059166	
ion_metal_transporters	slc22a15	ENSDARG00000055445	0.391326766719272	0.590375902815432
ion_metal_transporters	slc22a16	ENSDARG00000015869	-1.44432913898795	0.162314446051176
ion_metal_transporters	slc22a18	ENSDARG00000052271	
ion_metal_transporters	slc22a21	ENSDARG00000094112	
ion_metal_transporters	slc22a23	ENSDARG00000078856	0.0537009972751295	0.899828881745429
ion_metal_transporters	slc22a2	ENSDARG00000030530	
ion_metal_transporters	slc22a31	ENSDARG00000078882	
ion_metal_transporters	slc22a4	ENSDARG00000005335	
ion_metal_transporters	slc22a5	ENSDARG00000101021	
ion_metal_transporters	slc22a6l	ENSDARG00000055523	
ion_metal_transporters	slc22a7a	ENSDARG00000056028	
ion_metal_transporters	slc22a7b.1	ENSDARG00000056643	
ion_metal_transporters	slc22a7b.1	ENSDARG00000110958	
ion_metal_transporters	slc22a7b.2	ENSDARG00000091252	
ion_metal_transporters	slc22a7b.3	ENSDARG00000062182	
ion_metal_transporters	slc22a7	ENSDARG00000056652	
ion_metal_transporters	slc30a10	ENSDARG00000103983	
ion_metal_transporters	slc30a1a	ENSDARG00000005463	0.707453321742936	0.17697146856718
ion_metal_transporters	slc30a1b	ENSDARG00000053896	0.227876538918143	0.645012627974896
ion_metal_transporters	slc30a2	ENSDARG00000021305	
ion_metal_transporters	slc30a4	ENSDARG00000007180	0.0553525863523168	0.89118401578098
ion_metal_transporters	slc30a5	ENSDARG00000051921	0.0291828942522141	0.886608062219547
ion_metal_transporters	slc30a6	ENSDARG00000077368	-0.792281820009398	0.132233981847922
ion_metal_transporters	slc30a7	ENSDARG00000019998	-0.0711971805456103	0.659444491881172
ion_metal_transporters	slc30a7	ENSDARG00000112372	-0.0711971805456103	0.659444491881172
ion_metal_transporters	slc30a8	ENSDARG00000100917	
ion_metal_transporters	slc30a9	ENSDARG00000057272	-0.119095714976626	0.416819160615633
ion_metal_transporters	slc31a1	ENSDARG00000013961	-0.213066541189436	0.173948976337102
ion_metal_transporters	slc31a1	ENSDARG00000110656	-0.213066541189436	0.173948976337102
ion_metal_transporters	slc31a2	ENSDARG00000076092	-0.0181766993716134	0.949876801954043
ion_metal_transporters	slc39a10	ENSDARG00000005823	0.278847296090749	0.0200160739715125
ion_metal_transporters	slc39a11	ENSDARG00000098194	-0.440228560162804	0.629244630992828
ion_metal_transporters	slc39a13	ENSDARG00000000442	-0.0347368005159095	0.78562289364015
ion_metal_transporters	slc39a14	ENSDARG00000102387	0.221050710314599	0.509148048523765
ion_metal_transporters	slc39a1	ENSDARG00000058257	-0.218113608322171	0.289682481122848
ion_metal_transporters	slc39a1	ENSDARG00000112079	-0.218113608322171	0.289682481122848
ion_metal_transporters	slc39a3	ENSDARG00000101434	
ion_metal_transporters	slc39a4	ENSDARG00000059361	
ion_metal_transporters	slc39a5	ENSDARG00000079525	
ion_metal_transporters	slc39a6	ENSDARG00000068143	-0.112629544450517	0.331444472167228
ion_metal_transporters	slc39a7	ENSDARG00000104451	0.115922337688774	0.592918468599807
ion_metal_transporters	slc39a8	ENSDARG00000056757	
ion_metal_transporters	slc39a9	ENSDARG00000070447	0.00555014319713349	0.970430211337116
ion_metal_transporters	slc47a1	ENSDARG00000046012	
ion_metal_transporters	slc47a2.1	ENSDARG00000060051	
ion_metal_transporters	slc47a2.2	ENSDARG00000074136	
ion_metal_transporters	slc47a3	ENSDARG00000074561	
ion_metal_transporters	slc47a4	ENSDARG00000079340	
ion_metal_transporters	slco1c1	ENSDARG00000016749	0.00173949493335435	0.996930143665363
ion_metal_transporters	slco1d1	ENSDARG00000104108	
ion_metal_transporters	slco1e1	ENSDARG00000100780	
ion_metal_transporters	slco1f1	ENSDARG00000102283	
ion_metal_transporters	slco1f2	ENSDARG00000101156	
ion_metal_transporters	slco1f3	ENSDARG00000105691	
ion_metal_transporters	slco1f4	ENSDARG00000101014	
ion_metal_transporters	slco2a1	ENSDARG00000061896	
ion_metal_transporters	slco2b1	ENSDARG00000054609	
ion_metal_transporters	slco3a1	ENSDARG00000018726	
ion_metal_transporters	slco3a1	ENSDARG00000068296	
ion_metal_transporters	slco4a1	ENSDARG00000075948	0.542918123304174	0.36837214363248
ion_metal_transporters	slco5a1a	ENSDARG00000071685	
ion_metal_transporters	slco5a1b	ENSDARG00000086104	
metal_response	cp	ENSDARG00000010312	
metal_response	tfa	ENSDARG00000016771	
metal_response	fth1a	ENSDARG00000015551	-0.0640358199680627	0.764647416819847
metal_response	fth1b	ENSDARG00000007975	
metal_response	fthl27	ENSDARG00000031776	
metal_response	fthl27	ENSDARG00000116586	
metal_response	fthl28	ENSDARG00000076221	
metal_response	fthl29	ENSDARG00000113977	
metal_response	fthl30	ENSDARG00000077360	
metal_response	fthl31	ENSDARG00000094210	
metal_response	fthl31	ENSDARG00000113150	
metal_response	hmox1a	ENSDARG00000027529	
metal_response	hmox2a	ENSDARG00000055101	-0.00441666588606856	0.990738787232727
metal_response	hmox2a	ENSDARG00000114695	-0.00441666588606856	0.990738787232727
metal_response	hmox2b	ENSDARG00000078452	0.639503591541265	0.0288334078564714
metal_response	hmox2b	ENSDARG00000117010	0.639503591541265	0.0288334078564714
metal_response	mt2	ENSDARG00000041623	-0.554670581968288	0.0264399949353628
metal_response	mt2	ENSDARG00000113583	-0.554670581968288	0.0264399949353628
metal_response	mtf1	ENSDARG00000102898	-0.0369550278253959	0.913995760917057
metal_response	mtf2	ENSDARG00000005590	0.0366417926411243	0.790004165629954
nr_transcription_factors	ar	ENSDARG00000067976	-0.0170845958059731	0.982567945799939
nr_transcription_factors	ar	ENSDARG00000114287	-0.0170845958059731	0.982567945799939
nr_transcription_factors	pgr	ENSDARG00000035966	
nr_transcription_factors	pparg	ENSDARG00000031848	-0.177125283179396	0.610870642353513
nr_transcription_factors	thraa	ENSDARG00000000151	-0.12018387800377	0.553190859407468
nr_transcription_factors	thrab	ENSDARG00000052654	-0.13513199813378	0.836451067573458
nr_transcription_factors	thrb	ENSDARG00000021163	-0.0698612193556216	0.850079085744546
nr_transcription_factors	esrra	ENSDARG00000069266	0.175291384537901	0.617933316095689
nr_transcription_factors	esrrb	ENSDARG00000100847	0.259573233767659	0.552589829409812
nr_transcription_factors	esrrd	ENSDARG00000015064	-0.281880901621736	0.676363414497361
nr_transcription_factors	esrrga	ENSDARG00000004861	-0.0452290074643235	0.936793864545959
nr_transcription_factors	esrrgb	ENSDARG00000011696	0.153444758714503	0.81866424475612
nr_transcription_factors	hnf4a	ENSDARG00000021494	
nr_transcription_factors	hnf4a	ENSDARG00000112985	
nr_transcription_factors	hnf4b	ENSDARG00000104742	
nr_transcription_factors	hnf4g	ENSDARG00000071565	
nr_transcription_factors	rxraa	ENSDARG00000057737	0.391757516237433	0.670045218862289
nr_transcription_factors	rxrab	ENSDARG00000035127	
nr_transcription_factors	rxrba	ENSDARG00000078954	0.260843412029566	0.0754131774054191
nr_transcription_factors	rxrbb	ENSDARG00000002006	0.124540472153153	0.695391971522626
nr_transcription_factors	rxrbb	ENSDARG00000117079	0.124540472153153	0.695391971522626
nr_transcription_factors	rxrgb	ENSDARG00000004697	
nr_transcription_factors	vdra	ENSDARG00000099483	
nr_transcription_factors	vdrb	ENSDARG00000070721	0.530422733770443	0.156895887802237
nr_transcription_factors	vdrb	ENSDARG00000114864	0.530422733770443	0.156895887802237
nr_transcription_factors	esr1	ENSDARG00000004111	
nr_transcription_factors	esr1	ENSDARG00000112357	
nr_transcription_factors	esr2a	ENSDARG00000016454	0.092114378110571	0.812128986314646
nr_transcription_factors	esr2b	ENSDARG00000034181	
nr_transcription_factors	nr1h3	ENSDARG00000098439	-0.128245124906291	0.51294250640834
nr_transcription_factors	nr1h4	ENSDARG00000057741	0.0876614379852469	0.921672922856239
nr_transcription_factors	nr1h4	ENSDARG00000113600	0.0876614379852469	0.921672922856239
nr_transcription_factors	nr1h5	ENSDARG00000031046	
nr_transcription_factors	nr1i2	ENSDARG00000029766	
nr_transcription_factors	nr3c1	ENSDARG00000025032	-0.0409822872193727	0.872917656437777
nr_transcription_factors	nr3c1	ENSDARG00000112480	-0.0409822872193727	0.872917656437777
nr_transcription_factors	nr3c1	ENSDARG00000116957	-0.0409822872193727	0.872917656437777
nr_transcription_factors	nr3c2	ENSDARG00000102082	
nr_transcription_factors	nr3c2	ENSDARG00000115513	
nr_transcription_factors	pparaa	ENSDARG00000031777	0.250778257442605	0.751491879755285
nr_transcription_factors	pparab	ENSDARG00000054323	0.125917256059451	0.817571255551331
nr_transcription_factors	pparda	ENSDARG00000044525	0.311084423718754	0.313583571618612
nr_transcription_factors	ppardb	ENSDARG00000009473	0.234507394236083	0.480753575679117
nr_transcription_factors	raraa	ENSDARG00000056783	0.670166345071193	0.273021195222079
nr_transcription_factors	rarab	ENSDARG00000034893	-0.0680967724912305	0.51962425552876
nr_transcription_factors	rarab	ENSDARG00000111757	-0.0680967724912305	0.51962425552876
nr_transcription_factors	rarga	ENSDARG00000034117	-0.28777569739434	0.379102547385292
nr_transcription_factors	rargb	ENSDARG00000054003	
oxidative_stress_transcription_factors	maff	ENSDARG00000028957	-0.416658405551079	0.539338887326325
oxidative_stress_transcription_factors	maff	ENSDARG00000111050	-0.416658405551079	0.539338887326325
oxidative_stress_transcription_factors	mafk	ENSDARG00000100947	-0.00232481192387505	0.996270629302098
oxidative_stress_transcription_factors	mafga	ENSDARG00000018109	
oxidative_stress_transcription_factors	mafgb	ENSDARG00000100097	
oxidative_stress_transcription_factors	bach1a	ENSDARG00000062553	
oxidative_stress_transcription_factors	bach1b	ENSDARG00000002196	
oxidative_stress_transcription_factors	bach2a	ENSDARG00000036569	
oxidative_stress_transcription_factors	bach2b	ENSDARG00000004074	0.41283373679048	0.476073250785585
oxidative_stress_transcription_factors	keap1a	ENSDARG00000016132	0.438852596489362	0.425947913364736
oxidative_stress_transcription_factors	keap1b	ENSDARG00000074634	-0.38272566035747	0.35657279015668
oxidative_stress_transcription_factors	nfe2	ENSDARG00000020606	1.20345121238982	0.316637252540665
oxidative_stress_transcription_factors	nfe2l1a	ENSDARG00000030616	-0.0686553538207137	0.928114010535469
oxidative_stress_transcription_factors	nfe2l1a	ENSDARG00000116760	-0.0686553538207137	0.928114010535469
oxidative_stress_transcription_factors	nfe2l1b	ENSDARG00000076533	
oxidative_stress_transcription_factors	nfe2l1b	ENSDARG00000114820	
oxidative_stress_transcription_factors	nfe2l2a	ENSDARG00000042824	-0.676916249110872	0.395862434909287
oxidative_stress_transcription_factors	nfe2l2b	ENSDARG00000089697	
oxidative_stress_transcription_factors	nfe2l3	ENSDARG00000019810	0.0434413107687491	0.80166942413468
oxidative_stress_transcription_factors	nfkb1	ENSDARG00000105261	
oxidative_stress_transcription_factors	nfkb2	ENSDARG00000038687	-0.486156963834775	0.036769491265695
oxidative_stress_transcription_factors	nfkb2	ENSDARG00000112821	-0.486156963834775	0.036769491265695
oxygenases_phase_I	cyp1a	ENSDARG00000098315	-0.0150171896821379	0.986836666678974
oxygenases_phase_I	cyp1b1	ENSDARG00000068934	
oxygenases_phase_I	cyp1b1	ENSDARG00000113835	
oxygenases_phase_I	cyp1c1	ENSDARG00000101195	
oxygenases_phase_I	cyp1c2	ENSDARG00000101789	
oxygenases_phase_I	cyp1d1	ENSDARG00000035569	0.413717820800796	0.62885182324698
oxygenases_phase_I	cyp2aa11	ENSDARG00000103456	
oxygenases_phase_I	cyp2aa12	ENSDARG00000102805	
oxygenases_phase_I	cyp2aa1	ENSDARG00000099003	
oxygenases_phase_I	cyp2aa2	ENSDARG00000104811	
oxygenases_phase_I	cyp2aa3	ENSDARG00000103347	
oxygenases_phase_I	cyp2aa4	ENSDARG00000098803	
oxygenases_phase_I	cyp2aa6	ENSDARG00000103590	
oxygenases_phase_I	cyp2aa7	ENSDARG00000103766	
oxygenases_phase_I	cyp2aa8	ENSDARG00000104540	
oxygenases_phase_I	cyp2aa9	ENSDARG00000098890	3.87027224190772	0.029095237140827
oxygenases_phase_I	cyp2ad2	ENSDARG00000021172	
oxygenases_phase_I	cyp2ad3	ENSDARG00000022650	0.570177834203933	0.428832187676202
oxygenases_phase_I	cyp2ad6	ENSDARG00000042956	
oxygenases_phase_I	cyp2ae1	ENSDARG00000013524	-0.66742121628972	0.427397200630876
oxygenases_phase_I	cyp2j20	ENSDARG00000094057	
oxygenases_phase_I	cyp2k16	ENSDARG00000102981	
oxygenases_phase_I	cyp2k17	ENSDARG00000104529	
oxygenases_phase_I	cyp2k18	ENSDARG00000104593	
oxygenases_phase_I	cyp2k19	ENSDARG00000101861	
oxygenases_phase_I	cyp2k20	ENSDARG00000101632	
oxygenases_phase_I	cyp2k21	ENSDARG00000105151	
oxygenases_phase_I	cyp2k22	ENSDARG00000040433	
oxygenases_phase_I	cyp2k6	ENSDARG00000009874	
oxygenases_phase_I	cyp2k6	ENSDARG00000098995	
oxygenases_phase_I	cyp2k8	ENSDARG00000101190	
oxygenases_phase_I	cyp2n13	ENSDARG00000042953	
oxygenases_phase_I	cyp2p10	ENSDARG00000042990	-0.352039009474236	0.387602993867294
oxygenases_phase_I	cyp2p6	ENSDARG00000042978	
oxygenases_phase_I	cyp2p7	ENSDARG00000042980	
oxygenases_phase_I	cyp2p8	ENSDARG00000042982	0.435511198761746	0.549537841369066
oxygenases_phase_I	cyp2p9	ENSDARG00000022631	
oxygenases_phase_I	cyp2r1	ENSDARG00000056587	0.165380938990872	0.57240616018969
oxygenases_phase_I	cyp2u1	ENSDARG00000026548	0.0541950181295793	0.957864186103108
oxygenases_phase_I	cyp2v1	ENSDARG00000018485	0.0298555942993069	0.901373800662666
oxygenases_phase_I	cyp2x10.2	ENSDARG00000006501	
oxygenases_phase_I	cyp2x10.2	ENSDARG00000068283	
oxygenases_phase_I	cyp2x10.2	ENSDARG00000111183	
oxygenases_phase_I	cyp2x12	ENSDARG00000092091	
oxygenases_phase_I	cyp2x6	ENSDARG00000079653	
oxygenases_phase_I	cyp2x6	ENSDARG00000111425	
oxygenases_phase_I	cyp2x7	ENSDARG00000044002	
oxygenases_phase_I	cyp2x7	ENSDARG00000109785	
oxygenases_phase_I	cyp2x8	ENSDARG00000043997	
oxygenases_phase_I	cyp2x8	ENSDARG00000117195	
oxygenases_phase_I	cyp2x9	ENSDARG00000070775	
oxygenases_phase_I	cyp2x9	ENSDARG00000116932	
oxygenases_phase_I	cyp2y3	ENSDARG00000068493	
oxygenases_phase_I	cyp2y3	ENSDARG00000101423	
oxygenases_phase_I	cyp3a65	ENSDARG00000103295	
oxygenases_phase_I	cyp3c1	ENSDARG00000015575	-0.471393059921846	0.197358201718345
oxygenases_phase_I	cyp3c3	ENSDARG00000037873	
oxygenases_phase_I	cyp3c3	ENSDARG00000037874	
oxygenases_phase_I	cyp3c4	ENSDARG00000070021	
oxygenases_phase_I	cyp4f3	ENSDARG00000053530	
oxygenases_phase_I	cyp4t8	ENSDARG00000004964	
oxygenases_phase_I	cyp4t8	ENSDARG00000116412	
oxygenases_phase_I	cyp4v7	ENSDARG00000061585	
oxygenases_phase_I	cyp4v7	ENSDARG00000116669	
oxygenases_phase_I	cyp4v8	ENSDARG00000062132	
oxygenases_phase_I	cyp4v8	ENSDARG00000111608	
oxygenases_phase_I	adh5	ENSDARG00000080010	-0.418204637354977	0.11954168807902
oxygenases_phase_I	adh5	ENSDARG00000111574	-0.418204637354977	0.11954168807902
oxygenases_phase_I	adh8a	ENSDARG00000091211	0.396817017891888	0.62598900835227
oxygenases_phase_I	adh8a	ENSDARG00000113750	0.396817017891888	0.62598900835227
oxygenases_phase_I	adh8b	ENSDARG00000024278	0.0817780968778906	0.743079430835799
oxygenases_phase_I	adh8b	ENSDARG00000116820	0.0817780968778906	0.743079430835799
oxygenases_phase_I	aldh16a1	ENSDARG00000037935	0.0381004093757401	0.816264574520305
oxygenases_phase_I	aldh18a1	ENSDARG00000099579	-0.198458522541769	0.316037859453401
oxygenases_phase_I	aldh1a2	ENSDARG00000053493	
oxygenases_phase_I	aldh1a2	ENSDARG00000113122	
oxygenases_phase_I	aldh1a3	ENSDARG00000076933	
oxygenases_phase_I	aldh1l1	ENSDARG00000077004	-0.035336074140205	0.860272797025454
oxygenases_phase_I	aldh1l1	ENSDARG00000114342	-0.035336074140205	0.860272797025454
oxygenases_phase_I	aldh1l2	ENSDARG00000070230	-0.186898870920857	0.698930844854999
oxygenases_phase_I	aldh2.1	ENSDARG00000089924	
oxygenases_phase_I	aldh2.2	ENSDARG00000028087	
oxygenases_phase_I	aldh3a1	ENSDARG00000074791	
oxygenases_phase_I	aldh3a2a	ENSDARG00000028259	
oxygenases_phase_I	aldh3a2b	ENSDARG00000029381	
oxygenases_phase_I	aldh3b1	ENSDARG00000013839	-0.0054544154784326	0.977347962213399
oxygenases_phase_I	aldh3b2	ENSDARG00000035606	
oxygenases_phase_I	aldh4a1	ENSDARG00000038207	-0.609955848709796	0.163084466282582
oxygenases_phase_I	aldh5a1	ENSDARG00000076544	0.298554116382711	0.660787917257331
oxygenases_phase_I	aldh5a1	ENSDARG00000113300	0.298554116382711	0.660787917257331
oxygenases_phase_I	aldh6a1	ENSDARG00000053485	-0.170551099052257	0.407094163851169
oxygenases_phase_I	aldh7a1	ENSDARG00000018426	-0.124322166970029	0.623054424238329
oxygenases_phase_I	aldh8a1	ENSDARG00000036776	0.286220452038479	0.614062355907911
oxygenases_phase_I	aldh8a1	ENSDARG00000115119	0.286220452038479	0.614062355907911
oxygenases_phase_I	aldh9a1a.1	ENSDARG00000069100	
oxygenases_phase_I	aldh9a1a.1	ENSDARG00000114905	
oxygenases_phase_I	aldh9a1a.2	ENSDARG00000055331	
oxygenases_phase_I	aldh9a1a.2	ENSDARG00000117162	
oxygenases_phase_I	aldh9a1b	ENSDARG00000037061	-0.198421261812125	0.318104132974285
oxygenases_phase_I	fmo5	ENSDARG00000016357	-0.571194545299652	0.128377520508968
oxygenases_phase_I	fmo5	ENSDARG00000116737	-0.571194545299652	0.128377520508968
oxygenases_phase_I	ptgs1	ENSDARG00000052148	0.0542317666500188	0.940106402403862
oxygenases_phase_I	ptgs2a	ENSDARG00000004539	
oxygenases_phase_I	ptgs2b	ENSDARG00000010276	
reductases_phase_I	akr1a1a	ENSDARG00000035257	
reductases_phase_I	akr1a1a	ENSDARG00000109404	
reductases_phase_I	akr1a1b	ENSDARG00000052030	-0.37631045908298	0.218658343842873
reductases_phase_I	akr1a1b	ENSDARG00000112549	-0.37631045908298	0.218658343842873
reductases_phase_I	akr1b1	ENSDARG00000006215	
reductases_phase_I	akr7a3	ENSDARG00000016649	-0.0809790249722013	0.730977645245487
reductases_phase_I	ephx1	ENSDARG00000042854	-0.07862858207856	0.788321428982248
reductases_phase_I	ephx2	ENSDARG00000040255	-0.0615865260597977	0.807948466161309
reductases_phase_I	ephx4	ENSDARG00000099515	
reductases_phase_I	ephx4	ENSDARG00000112686	
reductases_phase_I	ephx4	ENSDARG00000115461	
reductases_phase_I	ephx5	ENSDARG00000103298	
reductases_phase_I	hsd11b1la	ENSDARG00000071377	
reductases_phase_I	hsd11b1la	ENSDARG00000109751	
reductases_phase_I	hsd11b1lb	ENSDARG00000110341	
reductases_phase_I	hsd11b2	ENSDARG00000001975	
reductases_phase_I	hsd17b10	ENSDARG00000017781	-0.136790829922612	0.379677560409409
reductases_phase_I	hsd17b12a	ENSDARG00000015709	-0.0328979083184242	0.790550080064258
reductases_phase_I	hsd17b12b	ENSDARG00000035872	-0.0287403381580788	0.934977961192577
reductases_phase_I	hsd17b14	ENSDARG00000054842	-0.164060632909799	0.878856159489868
reductases_phase_I	hsd17b1	ENSDARG00000027469	
reductases_phase_I	hsd17b2	ENSDARG00000045553	
reductases_phase_I	hsd17b3	ENSDARG00000023287	
reductases_phase_I	hsd17b3	ENSDARG00000115935	
reductases_phase_I	hsd17b3	ENSDARG00000116671	
reductases_phase_I	hsd17b4	ENSDARG00000101239	-0.264371357717147	0.476724796182431
reductases_phase_I	hsd17b7	ENSDARG00000088140	-0.100379527516496	0.91895952959459
reductases_phase_I	hsd17b8	ENSDARG00000001169	-0.266183845300294	0.618886723197948
reductases_phase_I	hsd20b2	ENSDARG00000031336	
reductases_phase_I	hsd20b2	ENSDARG00000111087	
reductases_phase_I	hsd3b1	ENSDARG00000069926	0.595889717717148	0.334604650722469
reductases_phase_I	hsd3b2	ENSDARG00000019747	
reductases_phase_I	hsd3b2	ENSDARG00000115803	
reductases_phase_I	hsd3b7	ENSDARG00000036966	-0.173002287442927	0.260218945036863
reductases_phase_I	hsd3b7	ENSDARG00000111892	-0.173002287442927	0.260218945036863
reductases_phase_I	hsd3b7	ENSDARG00000114115	-0.173002287442927	0.260218945036863
reductases_phase_I	hsdl1	ENSDARG00000041736	0.0750613835831364	0.858560487074645
reductases_phase_I	hsdl2	ENSDARG00000002523	-0.047943461119705	0.805293977984996
reductases_phase_I	nqo1	ENSDARG00000010250	-0.324414087948607	0.385189681528389
transferases_phase_II	nat10	ENSDARG00000054259	0.224323134746892	0.217363147531435
transferases_phase_II	nat14	ENSDARG00000115349	0.361199084273507	0.611640605453545
transferases_phase_II	nat15	ENSDARG00000061185	0.0209585967707836	0.932242776664981
transferases_phase_II	nat16	ENSDARG00000076402	
transferases_phase_II	nat16	ENSDARG00000086222	
transferases_phase_II	nat8l	ENSDARG00000077256	
transferases_phase_II	nat8l	ENSDARG00000115322	
transferases_phase_II	nat9	ENSDARG00000071425	-0.50903629025428	0.493871354115052
transferases_phase_II	nat9	ENSDARG00000111763	-0.50903629025428	0.493871354115052
transferases_phase_II	sult1st1	ENSDARG00000028275	
transferases_phase_II	sult1st2	ENSDARG00000041540	
transferases_phase_II	sult1st3	ENSDARG00000018361	
transferases_phase_II	sult1st4	ENSDARG00000003181	
transferases_phase_II	sult1st5	ENSDARG00000003475	
transferases_phase_II	sult1st5	ENSDARG00000111502	
transferases_phase_II	sult1st6	ENSDARG00000006811	
transferases_phase_II	sult1st7	ENSDARG00000079079	
transferases_phase_II	sult1st9	ENSDARG00000094996	
transferases_phase_II	sult2st1	ENSDARG00000033170	
transferases_phase_II	sult2st2	ENSDARG00000103785	
transferases_phase_II	sult2st3	ENSDARG00000028367	
transferases_phase_II	sult3st1	ENSDARG00000009885	-0.0388682679715739	0.90111465816136
transferases_phase_II	sult3st2	ENSDARG00000093619	
transferases_phase_II	sult3st2	ENSDARG00000110806	
transferases_phase_II	sult3st3	ENSDARG00000042920	
transferases_phase_II	sult3st3	ENSDARG00000094089	
transferases_phase_II	sult3st4	ENSDARG00000040781	
transferases_phase_II	sult3st4	ENSDARG00000115342	
transferases_phase_II	sult4a1	ENSDARG00000101967	
transferases_phase_II	sult5a1	ENSDARG00000007769	
transferases_phase_II	sult6b1	ENSDARG00000086826	
transferases_phase_II	ugt1a7	ENSDARG00000006220	
transferases_phase_II	ugt1b1	ENSDARG00000097491	
transferases_phase_II	ugt1b2	ENSDARG00000097231	
transferases_phase_II	ugt1b3	ENSDARG00000097979	
transferases_phase_II	ugt1b4	ENSDARG00000097024	
transferases_phase_II	ugt1b5	ENSDARG00000089507	
transferases_phase_II	ugt1b6p	ENSDARG00000103761	
transferases_phase_II	ugt1b7	ENSDARG00000101176	
transferases_phase_II	ugt2a1	ENSDARG00000051940	
transferases_phase_II	ugt2a4	ENSDARG00000110720	-0.326546130366543	0.418317668064433
transferases_phase_II	ugt2a5	ENSDARG00000011537	-0.528170501366838	0.580091672319134
transferases_phase_II	ugt2a5	ENSDARG00000116508	-0.528170501366838	0.580091672319134
transferases_phase_II	ugt2a6	ENSDARG00000039501	-0.343220627806836	0.667210520491049
transferases_phase_II	ugt2a7	ENSDARG00000091624	
transferases_phase_II	ugt2a7	ENSDARG00000093043	
transferases_phase_II	ugt2a7	ENSDARG00000110614	
transferases_phase_II	ugt2b3	ENSDARG00000116986	
transferases_phase_II	ugt5a1	ENSDARG00000016479	
transferases_phase_II	ugt5a2	ENSDARG00000093640	
transferases_phase_II	ugt5a4	ENSDARG00000097397	
transferases_phase_II	ugt5b1	ENSDARG00000104995	
transferases_phase_II	ugt5b2	ENSDARG00000101495	
transferases_phase_II	ugt5b3	ENSDARG00000099276	
transferases_phase_II	ugt5b4	ENSDARG00000091916	
transferases_phase_II	ugt5b5	ENSDARG00000104203	
transferases_phase_II	ugt5c1	ENSDARG00000061444	
transferases_phase_II	ugt5c2	ENSDARG00000006372	
transferases_phase_II	ugt5c3	ENSDARG00000061439	0.511786863552813	0.298231154043084
transferases_phase_II	ugt5d1	ENSDARG00000002394	
transferases_phase_II	ugt5e1	ENSDARG00000058048	
transferases_phase_II	ugt5f1	ENSDARG00000054835	-0.588463765977368	0.229799242273169
transferases_phase_II	ugt5g1	ENSDARG00000032862	-0.414950022547747	0.177309653876352
transferases_phase_II	ugt5g1	ENSDARG00000111242	-0.414950022547747	0.177309653876352
transferases_phase_II	ugt5g2	ENSDARG00000043901	
transferases_phase_II	ugt5g2	ENSDARG00000112752	
transferases_phase_II	ugt8	ENSDARG00000037455	1.07639115476814	0.0285005011456575
transferases_phase_II	ugt8	ENSDARG00000112659	1.07639115476814	0.0285005011456575
transferases_phase_II	aanat1	ENSDARG00000036567	1.2745186821404	0.00589928225144809
transferases_phase_II	aanat2	ENSDARG00000079802	
transferases_phase_II	gsta.1	ENSDARG00000090228	
transferases_phase_II	gsta.1	ENSDARG00000110669	
transferases_phase_II	gsta.2	ENSDARG00000039832	
transferases_phase_II	gsta.2	ENSDARG00000113831	
transferases_phase_II	gstk1	ENSDARG00000056510	0.779146884930079	0.306786859321894
transferases_phase_II	gstk2	ENSDARG00000019585	
transferases_phase_II	gstk4	ENSDARG00000092052	
transferases_phase_II	gstk4	ENSDARG00000093119	
transferases_phase_II	gstm.1	ENSDARG00000042533	
transferases_phase_II	gstm.2	ENSDARG00000029473	
transferases_phase_II	gstm.3	ENSDARG00000088116	
transferases_phase_II	gstp1	ENSDARG00000104068	-0.211411477512849	0.149757711576129
transferases_phase_II	gstp2	ENSDARG00000103019	
transferases_phase_II	gstt1a	ENSDARG00000042428	-0.313701227620001	0.469647770096148
transferases_phase_II	gstt1a	ENSDARG00000110738	-0.313701227620001	0.469647770096148
transferases_phase_II	gstt1b	ENSDARG00000017388	-0.254431930214792	0.527324519830219
transferases_phase_II	gstt1b	ENSDARG00000112401	-0.254431930214792	0.527324519830219
transferases_phase_II	gstt2	ENSDARG00000095464	
transferases_phase_II	gstt2	ENSDARG00000110618	
transferases_phase_II	gstz1	ENSDARG00000027984	
transferases_phase_II	mgst1.1	ENSDARG00000032618	
transferases_phase_II	mgst1.1	ENSDARG00000113133	
transferases_phase_II	mgst1.2	ENSDARG00000022165	
transferases_phase_II	mgst1.2	ENSDARG00000110212	
transferases_phase_II	mgst2	ENSDARG00000071345	0.043278548490306	0.92764101333792
transferases_phase_II	mgst3a	ENSDARG00000102744	
transferases_phase_II	mgst3b	ENSDARG00000033364	
